id,first_name,last_name,email,gender,ip_address,age
1,Derwin,Bartod,dbartod0@wsj.com,Male,176.29.93.84,89
2,Thomasin,Caddy,tcaddy1@instagram.com,Female,83.245.7.164,69
3,Samuel,Morch,smorch2@reference.com,Male,92.203.197.145,28
4,Isacco,Stiller,istiller3@goo.ne.jp,Male,4.167.231.36,69
5,Moises,Bates,mbates4@weather.com,Genderqueer,158.48.195.180,5
6,Una,Fawkes,ufawkes5@nyu.edu,Female,164.226.26.19,7
7,Viviyan,Krauss,vkrauss6@bing.com,Female,210.60.249.152,3
8,Marni,Wanklin,mwanklin7@ft.com,Female,177.189.21.255,27
9,Bancroft,Menault,bmenault8@netvibes.com,Male,241.191.57.16,100
10,Seward,Delagua,sdelagua9@qq.com,Male,9.114.112.67,31
11,Mildrid,Piche,mpichea@aol.com,Polygender,254.209.32.198,3
12,Matteo,Pennicott,mpennicottb@google.es,Male,55.195.157.202,43
13,Milli,Bashford,mbashfordc@facebook.com,Female,231.211.23.153,81
14,Janeen,Rosander,jrosanderd@wunderground.com,Female,157.245.72.21,64
15,Tan,Macrae,tmacraee@ebay.com,Male,82.61.149.169,17
16,Joyce,Bengal,jbengalf@china.com.cn,Female,202.55.50.193,1
17,Ailsun,Cerie,acerieg@geocities.com,Genderfluid,203.104.102.128,24
18,Sol,Fozard,sfozardh@smugmug.com,Male,4.140.150.199,34
19,Giff,Di Pietro,gdipietroi@list-manage.com,Male,178.177.206.202,74
20,Ida,Trehearn,itrehearnj@gravatar.com,Female,138.196.181.235,8
21,Baillie,Blaszczyk,bblaszczykk@friendfeed.com,Male,255.137.170.38,90
22,Annamaria,Bozward,abozwardl@hud.gov,Female,209.187.63.201,24
23,Esdras,Bridgland,ebridglandm@odnoklassniki.ru,Male,82.38.91.89,17
24,Audrye,Antognazzi,aantognazzin@blogtalkradio.com,Female,185.131.202.133,87
25,Ilise,Bert,iberto@linkedin.com,Female,252.35.40.221,43
26,Retha,Kochlin,rkochlinp@tinyurl.com,Female,178.232.4.236,44
27,Truman,Winterbourne,twinterbourneq@hud.gov,Male,162.131.163.166,91
28,Veronike,Marielle,vmarieller@youtu.be,Female,195.221.248.119,42
29,Janis,Lake,jlakes@jiathis.com,Female,174.150.7.48,20
30,Prissie,Pusill,ppusillt@vkontakte.ru,Female,205.227.123.75,30
31,Roger,Goodbourn,rgoodbournu@loc.gov,Male,179.175.78.194,97
32,Aleksandr,Jonk,ajonkv@samsung.com,Male,62.31.64.87,40
33,Kerry,Gosforth,kgosforthw@google.com,Female,24.124.16.182,83
34,Roderic,Alesin,ralesinx@goodreads.com,Male,251.99.87.49,11
35,Jewell,Vaux,jvauxy@moonfruit.com,Female,60.120.223.200,35
36,Aleda,Sweeny,asweenyz@icio.us,Female,181.90.126.131,28
37,Stanly,Romme,sromme10@toplist.cz,Male,146.171.198.72,62
38,Jerry,Merill,jmerill11@samsung.com,Male,24.206.0.67,100
39,Hymie,Pollack,hpollack12@constantcontact.com,Male,165.9.134.69,3
40,Garfield,Woollons,gwoollons13@cbsnews.com,Male,246.188.50.61,53
41,Almeda,Ipsly,aipsly14@elpais.com,Female,182.53.211.125,27
42,Wade,Dealey,wdealey15@reference.com,Male,17.118.19.105,9
43,Wadsworth,Cherm,wcherm16@163.com,Polygender,115.126.61.165,56
44,Isidoro,Wandrich,iwandrich17@ft.com,Male,209.10.184.11,4
45,Lona,Behnecke,lbehnecke18@upenn.edu,Female,199.239.84.226,6
46,Jarrett,Buney,jbuney19@cnbc.com,Male,231.118.40.246,21
47,Boy,Grunnell,bgrunnell1a@nature.com,Male,25.175.42.126,71
48,Kate,Blakebrough,kblakebrough1b@fastcompany.com,Female,95.153.219.24,23
49,Blinni,MacCracken,bmaccracken1c@indiegogo.com,Bigender,142.252.104.96,13
50,Jobey,Loins,jloins1d@csmonitor.com,Female,152.126.222.6,87
51,Even,Winterson,ewinterson1e@mlb.com,Male,85.128.189.69,61
52,Syman,Oldmeadow,soldmeadow1f@msu.edu,Male,107.84.106.8,55
53,Morgun,Mayworth,mmayworth1g@reverbnation.com,Male,228.186.75.166,4
54,Mira,Hargess,mhargess1h@so-net.ne.jp,Female,96.157.31.10,62
55,Zitella,Palluschek,zpalluschek1i@wsj.com,Female,67.196.139.186,27
56,Boot,Brasier,bbrasier1j@columbia.edu,Male,23.127.251.122,49
57,Vyky,Klainer,vklainer1k@npr.org,Female,77.155.7.152,99
58,Xena,Matusov,xmatusov1l@irs.gov,Female,2.147.155.220,80
59,Niven,Hekkert,nhekkert1m@va.gov,Male,136.63.54.117,45
60,Berkie,Harnetty,bharnetty1n@jigsy.com,Male,199.51.19.66,28
61,Bobbie,Blaycock,bblaycock1o@hostgator.com,Male,142.16.240.62,63
62,Sax,Mallinson,smallinson1p@angelfire.com,Male,120.145.36.217,97
63,Nicolea,Surcombe,nsurcombe1q@opensource.org,Agender,11.4.48.235,39
64,Guillaume,Woolfitt,gwoolfitt1r@geocities.com,Male,253.91.106.46,6
65,Goran,Batchelour,gbatchelour1s@oracle.com,Male,42.14.102.130,77
66,Clark,Tranmer,ctranmer1t@ezinearticles.com,Agender,171.57.155.243,56
67,Brander,Edland,bedland1u@github.com,Male,68.129.155.12,38
68,Barbey,Graveston,bgraveston1v@jalbum.net,Female,175.135.85.134,86
69,Stoddard,Godar,sgodar1w@printfriendly.com,Female,122.180.197.82,38
70,Sherwood,Corgenvin,scorgenvin1x@hp.com,Male,128.82.33.23,69
71,Arliene,Baelde,abaelde1y@etsy.com,Female,125.223.167.100,35
72,Lesley,Plampeyn,lplampeyn1z@multiply.com,Genderqueer,139.117.94.124,43
73,Pooh,Bucke,pbucke20@soup.io,Male,31.188.118.196,98
74,Lotta,Dowderswell,ldowderswell21@phpbb.com,Female,62.79.156.249,92
75,Franchot,Maslin,fmaslin22@phoca.cz,Male,206.34.82.245,91
76,Kittie,Donizeau,kdonizeau23@rediff.com,Female,184.247.190.38,72
77,Stanton,Lecky,slecky24@ezinearticles.com,Male,237.122.208.127,83
78,Cahra,Fothergill,cfothergill25@msn.com,Female,190.87.126.61,63
79,Abbey,Amburgy,aamburgy26@networkadvertising.org,Male,247.229.131.74,22
80,Deana,Avraam,davraam27@sciencedirect.com,Female,142.44.204.165,41
81,Isidora,Pickard,ipickard28@bing.com,Female,45.108.180.214,34
82,Lacy,Tomanek,ltomanek29@goo.ne.jp,Female,131.244.108.194,44
83,Sylvan,Hanbury,shanbury2a@umich.edu,Male,209.80.39.130,68
84,Elmer,Cattle,ecattle2b@ehow.com,Male,127.171.44.162,6
85,John,Eckert,jeckert2c@fema.gov,Male,155.232.92.131,27
86,Halsey,Dewey,hdewey2d@netlog.com,Male,100.217.178.27,83
87,Klara,Standen,kstanden2e@jalbum.net,Female,164.166.222.239,69
88,Pearce,Vennings,pvennings2f@reuters.com,Male,69.226.206.138,95
89,Jermaine,Zavattari,jzavattari2g@spotify.com,Male,255.52.144.161,5
90,Farris,Sallier,fsallier2h@com.com,Male,79.173.124.90,78
91,Saxe,Hartlebury,shartlebury2i@jiathis.com,Male,176.73.132.47,100
92,Raoul,Piechnik,rpiechnik2j@ovh.net,Male,100.190.144.210,7
93,Molly,Papis,mpapis2k@ning.com,Female,4.232.208.71,1
94,Ximenes,Cropp,xcropp2l@ibm.com,Male,224.96.126.212,44
95,Niccolo,Marien,nmarien2m@exblog.jp,Male,204.200.111.235,9
96,Nil,Gubbin,ngubbin2n@posterous.com,Male,64.159.186.13,31
97,Engelbert,Sarson,esarson2o@examiner.com,Male,85.94.7.243,23
98,Emory,Bockmaster,ebockmaster2p@unc.edu,Bigender,10.93.44.165,26
99,Quent,Cowling,qcowling2q@feedburner.com,Male,254.65.181.16,80
100,Page,Mulvany,pmulvany2r@prnewswire.com,Male,169.175.199.41,91
101,Brigham,Pes,bpes2s@google.co.jp,Male,71.15.76.157,86
102,Hillel,Habbergham,hhabbergham2t@google.ca,Male,148.31.49.183,72
103,Pamela,Batha,pbatha2u@narod.ru,Female,149.157.16.61,42
104,Brig,Cissell,bcissell2v@furl.net,Male,99.158.7.23,87
105,Isabel,Fransewich,ifransewich2w@japanpost.jp,Female,240.217.11.54,83
106,Lorraine,Rushmer,lrushmer2x@xinhuanet.com,Female,9.245.112.80,94
107,Juan,Issett,jissett2y@prnewswire.com,Male,202.88.74.224,58
108,Zelig,Utton,zutton2z@dailymail.co.uk,Male,230.21.222.206,91
109,Thorndike,Boreham,tboreham30@unicef.org,Male,228.195.119.23,69
110,Delphinia,Glennon,dglennon31@slideshare.net,Female,28.62.71.101,74
111,Lindsy,Kleynen,lkleynen32@slate.com,Female,19.124.71.82,29
112,Rosemaria,Hunting,rhunting33@bbc.co.uk,Female,145.94.27.116,76
113,Teddy,Thonger,tthonger34@forbes.com,Male,59.1.147.245,22
114,Ronni,Ellam,rellam35@cyberchimps.com,Female,37.175.194.188,18
115,Ninette,Trayhorn,ntrayhorn36@vinaora.com,Genderfluid,183.117.190.6,56
116,Ludovika,Sibson,lsibson37@quantcast.com,Female,191.157.4.254,83
117,Jon,Oppery,joppery38@examiner.com,Male,246.99.115.184,76
118,Alisander,Joint,ajoint39@gizmodo.com,Male,90.91.9.190,23
119,Aryn,Bernli,abernli3a@webeden.co.uk,Female,59.224.100.145,52
120,Noland,Hymus,nhymus3b@com.com,Male,206.176.68.101,98
121,Upton,Clack,uclack3c@diigo.com,Male,133.86.135.72,12
122,Bran,Sibbert,bsibbert3d@princeton.edu,Male,225.90.5.99,58
123,Kristi,Desantis,kdesantis3e@weebly.com,Female,123.202.20.132,6
124,Kalina,Elms,kelms3f@cyberchimps.com,Female,217.134.127.149,46
125,Julina,Vargas,jvargas3g@harvard.edu,Bigender,3.198.7.205,42
126,Marietta,Waind,mwaind3h@goo.gl,Female,164.234.77.226,39
127,Stormy,Von Der Empten,svonderempten3i@wix.com,Female,51.233.171.174,45
128,Arley,Billham,abillham3j@bluehost.com,Male,157.201.66.51,96
129,Odo,Pittam,opittam3k@google.nl,Male,100.235.107.245,39
130,Cris,Chitham,cchitham3l@goo.gl,Female,130.40.237.76,97
131,Loella,Paszek,lpaszek3m@ask.com,Female,82.210.112.71,11
132,Minne,Harbottle,mharbottle3n@globo.com,Female,10.68.26.255,4
133,Eustacia,O'Carmody,eocarmody3o@51.la,Female,243.90.130.191,48
134,Johna,Cadany,jcadany3p@google.es,Genderfluid,133.107.74.129,38
135,Tyne,Charrette,tcharrette3q@usnews.com,Female,135.211.124.210,15
136,Suki,Stronghill,sstronghill3r@chron.com,Female,90.100.101.201,29
137,Hercules,Stenett,hstenett3s@wordpress.org,Male,83.36.18.98,65
138,Baillie,Carrell,bcarrell3t@friendfeed.com,Male,147.181.237.154,83
139,Milli,Gerkens,mgerkens3u@networkadvertising.org,Female,3.143.183.26,14
140,Berthe,Duggan,bduggan3v@soup.io,Female,110.89.41.224,74
141,Antoinette,Camplejohn,acamplejohn3w@nhs.uk,Female,160.205.129.29,75
142,Frannie,Ragles,fragles3x@google.cn,Male,74.247.104.51,80
143,Dode,Digges,ddigges3y@clickbank.net,Female,20.189.17.165,85
144,Aurelea,Kimmings,akimmings3z@twitpic.com,Female,184.49.22.89,23
145,Trefor,Swetenham,tswetenham40@nih.gov,Male,240.189.17.51,38
146,Bay,Sheryn,bsheryn41@amazonaws.com,Male,117.206.177.189,60
147,Broderick,Yablsley,byablsley42@joomla.org,Male,252.78.81.136,44
148,Mart,Brennon,mbrennon43@gmpg.org,Male,95.192.66.61,87
149,Torrey,Devons,tdevons44@youku.com,Male,253.106.47.205,97
150,Jesse,Harfoot,jharfoot45@cyberchimps.com,Female,137.173.89.142,96
151,Sheila,Petric,spetric46@merriam-webster.com,Female,212.66.65.127,42
152,Nicolais,O'Brian,nobrian47@go.com,Male,71.145.1.104,99
153,Henriette,Measen,hmeasen48@vk.com,Female,186.195.61.69,9
154,Ilysa,Keers,ikeers49@nba.com,Female,118.29.192.115,82
155,Loleta,Talby,ltalby4a@twitter.com,Female,160.20.67.198,76
156,Dayle,Brauninger,dbrauninger4b@last.fm,Female,73.55.177.249,25
157,Eadmund,Jobern,ejobern4c@ebay.co.uk,Male,130.207.53.149,73
158,Flori,Hadley,fhadley4d@webmd.com,Female,6.255.112.109,37
159,Ted,Styles,tstyles4e@apache.org,Female,97.41.131.219,65
160,Pebrook,Curdell,pcurdell4f@wired.com,Male,93.105.116.116,53
161,Binni,Gascoigne,bgascoigne4g@bbb.org,Female,225.95.189.214,13
162,Derry,Brideaux,dbrideaux4h@imdb.com,Male,86.223.193.133,87
163,Jamaal,Jakubovski,jjakubovski4i@dailymail.co.uk,Male,71.68.28.5,52
164,Iver,Nerne,inerne4j@cocolog-nifty.com,Male,79.202.229.187,70
165,Antoine,Hindge,ahindge4k@comsenz.com,Male,0.102.114.65,41
166,Jaclyn,Pauncefort,jpauncefort4l@studiopress.com,Female,34.237.90.48,98
167,Zackariah,Shapter,zshapter4m@nyu.edu,Male,197.163.35.77,100
168,Igor,Wrought,iwrought4n@i2i.jp,Polygender,210.54.207.24,25
169,Orel,Gander,ogander4o@nydailynews.com,Female,179.136.238.119,53
170,Holly-anne,Vila,hvila4p@vk.com,Female,158.171.133.120,91
171,Charis,Thomlinson,cthomlinson4q@alibaba.com,Female,87.164.229.83,82
172,Berty,Elsley,belsley4r@sbwire.com,Male,163.84.5.61,92
173,Eldredge,Warmington,ewarmington4s@redcross.org,Male,133.27.92.220,95
174,Brant,Seamons,bseamons4t@va.gov,Male,158.27.23.142,89
175,Broddie,Swinford,bswinford4u@dmoz.org,Male,55.212.119.92,84
176,Chris,Iveans,civeans4v@yandex.ru,Female,17.113.221.228,33
177,Jerrold,Lisciandro,jlisciandro4w@engadget.com,Male,51.15.123.84,2
178,Mildred,Dobby,mdobby4x@oracle.com,Female,112.228.245.158,68
179,Doria,Grenter,dgrenter4y@bluehost.com,Female,0.68.242.184,12
180,Randene,Whitta,rwhitta4z@zimbio.com,Female,25.44.223.53,91
181,Jolee,Dawkins,jdawkins50@godaddy.com,Polygender,110.18.38.58,80
182,Aurea,Hartlebury,ahartlebury51@ucla.edu,Female,239.216.1.149,20
183,Lorrayne,D'Acth,ldacth52@123-reg.co.uk,Polygender,214.195.94.118,54
184,Sybille,Rolfini,srolfini53@ihg.com,Female,114.190.199.176,9
185,Grazia,Flancinbaum,gflancinbaum54@shutterfly.com,Female,204.145.58.240,41
186,Fidelio,Dilrew,fdilrew55@va.gov,Male,204.144.51.231,24
187,Jory,Gurnee,jgurnee56@jalbum.net,Male,23.181.158.145,92
188,Evelyn,Deners,edeners57@deliciousdays.com,Female,221.22.51.183,64
189,Kevina,Maciunas,kmaciunas58@hc360.com,Female,187.155.247.196,67
190,Ulrikaumeko,Keat,ukeat59@nytimes.com,Female,67.177.106.125,33
191,Willie,Maior,wmaior5a@surveymonkey.com,Male,225.225.127.171,14
192,Napoleon,Creavan,ncreavan5b@angelfire.com,Male,156.120.35.8,66
193,Wynn,Everiss,weveriss5c@reference.com,Female,123.81.146.134,77
194,Mortie,Whitewood,mwhitewood5d@friendfeed.com,Male,103.129.19.126,22
195,Lexie,Towhey,ltowhey5e@state.tx.us,Female,37.111.10.193,100
196,Dana,Cappell,dcappell5f@drupal.org,Male,118.107.42.77,53
197,Tamqrah,Hansen,thansen5g@ebay.co.uk,Female,26.224.138.35,33
198,Issy,Galvin,igalvin5h@scientificamerican.com,Female,217.140.100.252,76
199,Mariele,Scrancher,mscrancher5i@sphinn.com,Female,84.125.227.201,46
200,Clevie,Sibille,csibille5j@nih.gov,Male,47.168.100.192,14
201,Danell,De Gregario,ddegregario5k@surveymonkey.com,Female,158.188.203.38,13
202,Denney,Critch,dcritch5l@exblog.jp,Male,160.138.225.137,83
203,Deerdre,Pont,dpont5m@house.gov,Female,15.201.29.157,98
204,Kristine,Gutowska,kgutowska5n@sbwire.com,Female,150.192.241.164,21
205,Ardra,Grishaev,agrishaev5o@imdb.com,Female,162.211.110.133,22
206,Dionis,Caffery,dcaffery5p@examiner.com,Female,189.230.175.2,90
207,Monro,Thurby,mthurby5q@umn.edu,Male,28.170.19.198,4
208,Felicio,Coling,fcoling5r@wix.com,Male,206.223.126.101,96
209,Letty,Albert,lalbert5s@google.com.br,Female,103.20.130.16,16
210,Kathrine,Antoney,kantoney5t@amazon.com,Female,97.68.77.15,98
211,Obadias,Lauritzen,olauritzen5u@indiegogo.com,Male,63.113.170.28,26
212,Emmey,Nelissen,enelissen5v@google.it,Female,142.1.6.116,2
213,Thatcher,Willimont,twillimont5w@wikia.com,Non-binary,106.10.114.115,31
214,Bengt,Sadlier,bsadlier5x@github.io,Agender,121.80.197.222,18
215,Gaile,Palin,gpalin5y@ucsd.edu,Male,203.115.95.166,19
216,Nikkie,Schollick,nschollick5z@hubpages.com,Female,246.14.163.58,43
217,Neddie,Iacivelli,niacivelli60@seattletimes.com,Male,220.98.39.34,24
218,Vinson,Brundall,vbrundall61@mapquest.com,Male,106.106.196.50,68
219,Wilfrid,Grigorian,wgrigorian62@admin.ch,Male,21.46.194.4,99
220,Rich,Yarr,ryarr63@businessweek.com,Male,204.58.168.52,75
221,Friederike,Munson,fmunson64@ca.gov,Female,10.24.97.189,10
222,Karlan,Bonallack,kbonallack65@mac.com,Male,10.124.154.192,82
223,Lanette,Playdon,lplaydon66@state.gov,Female,176.138.119.82,79
224,Philippa,Boskell,pboskell67@imdb.com,Female,233.166.68.220,95
225,Maria,Goss,mgoss68@mashable.com,Female,255.66.106.45,47
226,Brier,Julyan,bjulyan69@patch.com,Female,74.3.115.117,90
227,Kellen,McCutcheon,kmccutcheon6a@bbc.co.uk,Male,242.166.168.47,90
228,Idalia,Kupker,ikupker6b@angelfire.com,Female,102.21.100.232,87
229,Curtice,Valti,cvalti6c@squarespace.com,Male,121.53.218.129,27
230,Phaedra,Nazaret,pnazaret6d@google.ca,Female,8.194.147.80,13
231,Marion,Croyden,mcroyden6e@ucoz.com,Male,76.32.76.171,63
232,Klarrisa,Simenel,ksimenel6f@dyndns.org,Female,165.177.15.177,26
233,Nert,Rait,nrait6g@wp.com,Female,235.255.245.131,64
234,Bel,Girk,bgirk6h@ameblo.jp,Female,35.249.55.107,1
235,Winnifred,Melloi,wmelloi6i@admin.ch,Female,189.189.232.222,26
236,Mallory,Gosford,mgosford6j@edublogs.org,Male,249.245.52.67,57
237,Michele,Spencer,mspencer6k@studiopress.com,Female,87.81.163.165,38
238,Smitty,Sayles,ssayles6l@senate.gov,Male,19.61.134.97,19
239,Cristy,Bummfrey,cbummfrey6m@apple.com,Female,47.154.86.135,32
240,Tori,Mucklo,tmucklo6n@barnesandnoble.com,Female,133.197.238.24,18
241,Mellisa,Ivanovic,mivanovic6o@diigo.com,Bigender,180.192.44.127,62
242,Fabio,Pavlishchev,fpavlishchev6p@soup.io,Male,9.24.40.57,96
243,Estrella,Tomei,etomei6q@mayoclinic.com,Female,77.45.227.61,66
244,Elsi,South,esouth6r@marketwatch.com,Female,246.192.127.102,53
245,Kata,Crombleholme,kcrombleholme6s@cdc.gov,Female,254.160.129.118,40
246,Katya,Demschke,kdemschke6t@cbslocal.com,Female,34.242.146.184,94
247,Willard,Lidstone,wlidstone6u@netlog.com,Male,0.73.252.0,98
248,Elladine,Guice,eguice6v@imageshack.us,Genderqueer,155.18.89.198,68
249,Nollie,Hapgood,nhapgood6w@cnbc.com,Female,91.117.96.121,99
250,Viola,Searight,vsearight6x@ebay.co.uk,Female,211.216.128.55,92
251,Lenard,Hundley,lhundley6y@engadget.com,Male,159.157.199.121,59
252,Nealy,Cobelli,ncobelli6z@oaic.gov.au,Male,33.201.237.101,76
253,Spike,Doggett,sdoggett70@dailymotion.com,Male,99.241.249.227,95
254,Marcy,Torn,mtorn71@cam.ac.uk,Female,65.176.110.191,62
255,Sonya,Milliken,smilliken72@google.fr,Female,229.116.255.252,23
256,Thorny,Peasnone,tpeasnone73@digg.com,Male,127.184.197.126,73
257,Asia,Golsby,agolsby74@pcworld.com,Female,84.89.233.173,8
258,Cecilla,Banfield,cbanfield75@theguardian.com,Female,197.7.113.179,57
259,Aguste,De Bell,adebell76@virginia.edu,Male,213.145.189.102,16
260,Zilvia,Coulthart,zcoulthart77@tmall.com,Female,157.223.64.57,16
261,Griff,Bearcroft,gbearcroft78@netvibes.com,Male,127.4.101.78,4
262,Rene,Attewell,rattewell79@hc360.com,Male,47.48.39.251,98
263,Godfry,Blenkin,gblenkin7a@skype.com,Male,66.193.152.107,54
264,Inglebert,Neeson,ineeson7b@google.it,Male,38.69.161.71,85
265,Angelina,Arnao,aarnao7c@blog.com,Female,101.248.245.39,60
266,Zaria,Jupe,zjupe7d@rambler.ru,Female,128.155.221.198,25
267,Devlin,Perott,dperott7e@chronoengine.com,Male,146.137.199.245,17
268,Newton,Deniskevich,ndeniskevich7f@columbia.edu,Male,185.57.74.252,48
269,Sybyl,Coffelt,scoffelt7g@barnesandnoble.com,Female,152.192.206.218,62
270,Andreas,Scrowson,ascrowson7h@va.gov,Male,59.212.208.75,78
271,Joy,Wevell,jwevell7i@slashdot.org,Female,10.135.154.229,98
272,Sarene,Osborn,sosborn7j@blinklist.com,Female,113.230.162.237,38
273,Ringo,Whetnell,rwhetnell7k@networksolutions.com,Male,10.71.72.10,58
274,Staci,Killik,skillik7l@creativecommons.org,Female,197.207.120.38,19
275,Almeria,Shreeve,ashreeve7m@facebook.com,Female,213.4.102.205,33
276,Beatrix,Pickles,bpickles7n@prweb.com,Female,181.139.55.128,18
277,Brenden,Januszewicz,bjanuszewicz7o@ezinearticles.com,Male,53.121.55.40,18
278,Lief,Bouda,lbouda7p@apache.org,Male,105.127.82.113,95
279,Rochella,Calam,rcalam7q@godaddy.com,Female,161.59.99.157,21
280,Mildrid,Tredger,mtredger7r@soup.io,Female,232.244.45.169,84
281,Goldy,Witherspoon,gwitherspoon7s@infoseek.co.jp,Female,46.217.93.120,5
282,Danella,Shirley,dshirley7t@omniture.com,Genderfluid,50.146.76.223,4
283,Netty,Weiser,nweiser7u@mozilla.com,Female,88.174.162.175,48
284,Shari,Mecco,smecco7v@reddit.com,Female,105.66.159.3,54
285,Audry,Wellfare,awellfare7w@mozilla.com,Female,101.68.95.139,19
286,Rosabelle,Harbin,rharbin7x@samsung.com,Female,76.83.205.32,39
287,Witty,Baudacci,wbaudacci7y@aol.com,Male,5.242.22.250,60
288,Marna,Leed,mleed7z@yale.edu,Female,241.182.135.228,3
289,Kincaid,Orchart,korchart80@yale.edu,Male,48.132.20.160,34
290,Aeriel,Pauletto,apauletto81@ifeng.com,Female,58.62.52.221,92
291,Lynne,Fiveash,lfiveash82@reference.com,Female,72.240.226.189,16
292,Curran,Greene,cgreene83@wp.com,Male,148.85.166.227,96
293,Boy,Jedrych,bjedrych84@networksolutions.com,Male,232.30.55.131,70
294,Talbert,Ranald,tranald85@timesonline.co.uk,Male,14.42.87.79,4
295,Myrle,Gallen,mgallen86@live.com,Non-binary,45.175.70.16,34
296,Clement,Valek,cvalek87@apple.com,Male,5.117.214.155,9
297,Bettine,Skypp,bskypp88@homestead.com,Female,44.161.63.126,59
298,Anica,Ferrini,aferrini89@1und1.de,Female,10.66.164.110,71
299,Dotty,Bathersby,dbathersby8a@1und1.de,Female,204.70.190.124,52
300,Henri,Eslinger,heslinger8b@godaddy.com,Male,75.203.93.136,53
301,Bobbie,Meredyth,bmeredyth8c@prlog.org,Male,238.38.196.169,34
302,Lazaro,Lathwood,llathwood8d@cdc.gov,Male,49.97.142.133,82
303,Carissa,Norssister,cnorssister8e@bizjournals.com,Genderqueer,254.136.90.34,1
304,Lois,Redmire,lredmire8f@ocn.ne.jp,Female,86.35.132.219,1
305,Chrisse,Warcop,cwarcop8g@opensource.org,Male,105.125.31.94,1
306,Brocky,Luisetti,bluisetti8h@pcworld.com,Male,9.60.88.253,5
307,Zachery,McKellar,zmckellar8i@weebly.com,Male,81.217.97.97,2
308,Alair,Casa,acasa8j@tumblr.com,Male,116.55.17.208,99
309,Rodd,Barkus,rbarkus8k@ed.gov,Male,171.143.72.75,13
310,Leupold,Spencock,lspencock8l@topsy.com,Genderqueer,124.240.94.193,50
311,Arda,Sonier,asonier8m@archive.org,Female,202.120.34.185,74
312,Inez,Symcox,isymcox8n@typepad.com,Female,86.24.180.153,32
313,Kassia,Wardingly,kwardingly8o@nih.gov,Female,54.162.244.210,11
314,Hughie,Goodreid,hgoodreid8p@xing.com,Male,164.120.236.116,66
315,Barclay,Moncey,bmoncey8q@cam.ac.uk,Male,7.29.58.144,34
316,Ben,Lowndes,blowndes8r@joomla.org,Male,248.247.40.212,14
317,Fleurette,Rhubottom,frhubottom8s@wufoo.com,Female,66.22.199.205,61
318,Theda,Kochs,tkochs8t@house.gov,Female,195.62.186.240,97
319,Lorrin,Domanski,ldomanski8u@theguardian.com,Genderqueer,165.133.8.212,1
320,Harrison,Andrasch,handrasch8v@usatoday.com,Male,72.119.191.114,67
321,Jada,Lamputt,jlamputt8w@google.es,Female,115.174.93.108,32
322,Anders,Halshaw,ahalshaw8x@gov.uk,Agender,8.32.68.195,48
323,Laverna,Malarkey,lmalarkey8y@cornell.edu,Female,17.169.67.90,10
324,Annadiane,Castelluzzi,acastelluzzi8z@cocolog-nifty.com,Female,96.142.241.99,13
325,Dalis,Silverwood,dsilverwood90@elpais.com,Male,142.204.95.1,5
326,Kate,Steinham,ksteinham91@ed.gov,Female,178.4.37.231,33
327,Brady,Delhanty,bdelhanty92@netlog.com,Male,184.147.239.179,6
328,Gaelan,Cow,gcow93@technorati.com,Male,8.61.126.209,59
329,Renelle,Yewman,ryewman94@gizmodo.com,Female,236.44.225.34,45
330,Augusta,Burleigh,aburleigh95@latimes.com,Female,203.237.128.182,22
331,Katusha,Garratt,kgarratt96@ifeng.com,Female,172.3.62.129,56
332,Zarah,Lansberry,zlansberry97@foxnews.com,Female,242.117.59.43,53
333,Adrien,Mapston,amapston98@marriott.com,Male,22.116.174.159,36
334,Hardy,Jozefowicz,hjozefowicz99@businessinsider.com,Male,184.137.76.8,68
335,Pietrek,Mamwell,pmamwell9a@sogou.com,Male,73.183.112.26,77
336,Oona,Rachuig,orachuig9b@nps.gov,Genderqueer,180.57.236.69,99
337,Camellia,Rubertelli,crubertelli9c@nhs.uk,Female,141.192.55.108,72
338,Alfred,Ernke,aernke9d@hp.com,Male,248.16.146.237,83
339,Cordy,Habershon,chabershon9e@archive.org,Female,150.205.32.61,55
340,Harp,Hewins,hhewins9f@friendfeed.com,Male,103.242.250.247,45
341,Bobinette,Poor,bpoor9g@hao123.com,Female,245.167.153.33,97
342,Fayth,Kolyagin,fkolyagin9h@tinypic.com,Female,223.15.60.84,20
343,Trenton,Hegel,thegel9i@plala.or.jp,Male,213.123.162.217,28
344,Ivory,Esom,iesom9j@japanpost.jp,Female,202.96.72.63,24
345,Chaddie,Cousin,ccousin9k@microsoft.com,Male,3.117.155.164,73
346,Aurora,Braker,abraker9l@imgur.com,Female,239.35.42.162,17
347,Klaus,Durbann,kdurbann9m@google.fr,Male,61.159.125.163,31
348,Codie,Keelinge,ckeelinge9n@census.gov,Male,0.44.21.108,90
349,Lily,Bolitho,lbolitho9o@microsoft.com,Female,42.155.4.78,29
350,Doll,Lamswood,dlamswood9p@netvibes.com,Female,178.165.71.32,9
351,Jamal,Surfleet,jsurfleet9q@qq.com,Male,148.75.29.86,88
352,Siward,Farthing,sfarthing9r@hao123.com,Male,159.118.85.233,37
353,Lanni,Grinishin,lgrinishin9s@ftc.gov,Female,172.189.181.42,28
354,Delmar,Golsby,dgolsby9t@springer.com,Male,210.143.202.152,74
355,Hardy,Aubri,haubri9u@redcross.org,Male,21.72.156.172,52
356,Roch,Garvey,rgarvey9v@scribd.com,Female,236.125.213.56,43
357,Leonidas,But,lbut9w@goo.ne.jp,Male,232.43.82.202,72
358,Emily,Danne,edanne9x@pbs.org,Female,206.82.207.154,10
359,Sabine,Phinn,sphinn9y@t.co,Polygender,14.226.41.107,81
360,Anne-corinne,Eidelman,aeidelman9z@behance.net,Female,182.239.95.243,31
361,Ophelie,Reddin,oreddina0@addtoany.com,Female,33.172.188.114,30
362,Lelah,Keller,lkellera1@chron.com,Female,123.144.96.24,6
363,Judon,Perassi,jperassia2@businessinsider.com,Male,138.152.61.96,58
364,Netty,Wayper,nwaypera3@uiuc.edu,Female,11.179.31.150,31
365,Ebeneser,Allsopp,eallsoppa4@bloglines.com,Male,18.228.209.201,36
366,Romona,Haythorne,rhaythornea5@elpais.com,Female,56.139.214.113,76
367,Richmond,Jeppe,rjeppea6@scribd.com,Male,109.245.172.229,82
368,Irvine,Rizzone,irizzonea7@newyorker.com,Male,102.126.47.189,17
369,Tyrone,Molloy,tmolloya8@microsoft.com,Male,221.191.254.105,15
370,Celisse,Rack,cracka9@theatlantic.com,Female,68.5.248.48,35
371,Julia,Boffin,jboffinaa@theatlantic.com,Female,153.113.144.111,75
372,Bald,Ebbutt,bebbuttab@feedburner.com,Polygender,92.64.35.185,10
373,Cristobal,Claridge,cclaridgeac@gov.uk,Male,5.58.3.42,39
374,Barth,Tallboy,btallboyad@fda.gov,Male,214.61.44.217,48
375,Riobard,Bricksey,rbrickseyae@cafepress.com,Male,192.139.141.88,63
376,Tiff,Rickhuss,trickhussaf@dailymotion.com,Female,94.58.138.253,22
377,Neron,Leather,nleatherag@craigslist.org,Male,7.148.255.94,42
378,Laurie,Guidera,lguideraah@friendfeed.com,Female,6.55.209.230,30
379,Terrell,Badder,tbadderai@businesswire.com,Male,38.114.208.254,49
380,Tobit,Rimer,trimeraj@amazon.co.uk,Male,206.15.111.144,85
381,Kessiah,Gniewosz,kgniewoszak@google.pl,Female,229.167.142.255,80
382,Ingra,Frizzell,ifrizzellal@cargocollective.com,Genderfluid,73.94.184.54,20
383,Joe,Fears,jfearsam@hibu.com,Male,80.159.186.248,13
384,Franny,Potkins,fpotkinsan@pen.io,Male,125.19.237.16,90
385,Petronille,Emett,pemettao@jalbum.net,Female,136.230.50.186,34
386,Almeria,Breacher,abreacherap@google.cn,Female,117.147.247.252,46
387,Rozele,Ramsdale,rramsdaleaq@vimeo.com,Genderfluid,107.137.65.120,92
388,Alric,Tight,atightar@loc.gov,Male,127.100.153.55,73
389,Ibbie,Crudge,icrudgeas@pen.io,Female,48.36.113.246,80
390,Nico,Shields,nshieldsat@seesaa.net,Male,132.131.70.138,49
391,Latisha,Sutherley,lsutherleyau@google.com.au,Female,110.236.96.76,83
392,Jolene,Pogue,jpogueav@printfriendly.com,Female,87.163.88.69,20
393,Oliver,Rake,orakeaw@nymag.com,Genderqueer,80.110.179.113,61
394,Franz,Crippes,fcrippesax@imgur.com,Male,143.209.108.35,16
395,Bendicty,Harrop,bharropay@drupal.org,Male,88.75.93.247,98
396,Jess,Ingolotti,jingolottiaz@wp.com,Female,97.71.1.80,98
397,Andrus,Shearstone,ashearstoneb0@senate.gov,Male,129.6.184.40,19
398,Raimund,Matyatin,rmatyatinb1@bloglines.com,Male,52.234.163.124,32
399,Shanda,Gascar,sgascarb2@reuters.com,Female,63.45.32.82,96
400,Caria,Jery,cjeryb3@xinhuanet.com,Female,249.125.182.134,6
401,Leanora,Heningham,lheninghamb4@jiathis.com,Female,9.198.253.112,100
402,Car,Belone,cbeloneb5@nature.com,Male,180.36.22.180,57
403,Appolonia,Riolfi,ariolfib6@t-online.de,Female,156.125.164.127,80
404,Cherice,Crepel,ccrepelb7@mapquest.com,Female,43.143.100.157,60
405,Theodore,Stailey,tstaileyb8@mtv.com,Male,210.72.20.145,35
406,Gabie,Harly,gharlyb9@youku.com,Female,172.154.55.110,49
407,Walton,Wimbury,wwimburyba@oracle.com,Male,181.195.130.140,54
408,Horace,Pidgin,hpidginbb@cyberchimps.com,Male,159.239.186.57,54
409,Gallagher,Torpie,gtorpiebc@mozilla.org,Male,147.79.37.98,95
410,Sharla,Strete,sstretebd@cornell.edu,Female,111.200.197.88,59
411,Darwin,Oxenham,doxenhambe@wisc.edu,Male,14.71.15.167,67
412,Benjamen,Clues,bcluesbf@slashdot.org,Male,67.116.55.85,18
413,Shanon,Blazej,sblazejbg@nsw.gov.au,Female,20.106.27.27,5
414,Corene,Jellings,cjellingsbh@cafepress.com,Agender,181.227.244.29,95
415,Page,Tabram,ptabrambi@shop-pro.jp,Female,199.53.153.2,67
416,Reginald,Lucy,rlucybj@who.int,Male,100.252.205.20,70
417,Holden,Lawrey,hlawreybk@livejournal.com,Male,76.41.229.160,96
418,Bonnibelle,Bennet,bbennetbl@rambler.ru,Female,113.119.190.216,37
419,Ashleigh,Callard,acallardbm@geocities.com,Female,70.27.31.127,21
420,Barnard,Poytheras,bpoytherasbn@printfriendly.com,Male,156.164.130.74,24
421,Kristel,Huncoot,khuncootbo@dedecms.com,Genderqueer,41.89.216.56,4
422,Ely,Dengate,edengatebp@clickbank.net,Male,139.61.16.182,77
423,Clary,Duddy,cduddybq@arstechnica.com,Genderqueer,213.5.19.105,78
424,Lesly,Kurten,lkurtenbr@java.com,Female,226.210.3.221,98
425,Tommie,Cobley,tcobleybs@about.me,Female,125.122.167.211,87
426,Othilia,Cleaves,ocleavesbt@canalblog.com,Female,68.62.154.161,33
427,Viviyan,Pechan,vpechanbu@nature.com,Female,205.236.17.188,15
428,Heindrick,Shirt,hshirtbv@chron.com,Male,212.116.166.103,47
429,Waylin,Shepley,wshepleybw@taobao.com,Male,148.222.121.252,100
430,Auroora,Daspar,adasparbx@twitpic.com,Female,159.225.78.179,14
431,Novelia,Louth,nlouthby@answers.com,Female,28.59.244.127,87
432,Staford,Edgell,sedgellbz@globo.com,Male,160.53.211.4,55
433,Jackelyn,Schrinel,jschrinelc0@home.pl,Female,222.223.98.144,15
434,Corbin,Roe,croec1@dyndns.org,Male,7.112.75.219,79
435,Sofie,Tough,stoughc2@oakley.com,Female,215.247.55.43,44
436,Willamina,Danilchik,wdanilchikc3@opera.com,Female,104.168.25.229,15
437,Willi,Dowty,wdowtyc4@delicious.com,Agender,209.186.121.226,13
438,Mozes,Ciubutaro,mciubutaroc5@unicef.org,Male,169.102.50.163,13
439,Alexandros,Boothebie,aboothebiec6@usatoday.com,Male,245.4.34.171,9
440,Caryl,Whaites,cwhaitesc7@macromedia.com,Female,67.150.117.229,82
441,Gwendolen,Chesnay,gchesnayc8@addthis.com,Female,2.73.124.104,18
442,Frazer,Huband,fhubandc9@networkadvertising.org,Male,241.24.94.5,7
443,Gwendolin,O'Towey,gotoweyca@deviantart.com,Female,176.191.115.164,15
444,Robby,O'Bradain,robradaincb@nbcnews.com,Male,163.179.125.176,100
445,Tammara,Urlich,turlichcc@alexa.com,Female,255.116.128.232,43
446,Luci,Matokhnin,lmatokhnincd@wikia.com,Female,39.3.124.242,62
447,Bengt,Treby,btrebyce@barnesandnoble.com,Male,250.205.43.7,60
448,Rory,Khomich,rkhomichcf@jugem.jp,Male,8.61.160.250,11
449,Granthem,Camerana,gcameranacg@hibu.com,Male,81.1.81.26,80
450,Collette,Twigley,ctwigleych@blogspot.com,Non-binary,179.240.246.47,53
451,Selle,Kuhle,skuhleci@rediff.com,Non-binary,166.146.138.77,29
452,Tremayne,Scolts,tscoltscj@comcast.net,Male,64.240.68.252,67
453,Vivie,Corssen,vcorssenck@feedburner.com,Bigender,183.139.237.142,10
454,Dieter,Ivimey,divimeycl@smh.com.au,Male,202.24.90.241,76
455,Dorian,Saph,dsaphcm@google.de,Female,143.72.194.204,23
456,Sven,Murtagh,smurtaghcn@usnews.com,Male,147.201.111.223,68
457,Debbi,Mumm,dmummco@skyrock.com,Female,20.126.83.77,95
458,Katerine,Wollrauch,kwollrauchcp@pinterest.com,Female,111.221.166.109,73
459,Brianna,Vedishchev,bvedishchevcq@who.int,Polygender,25.89.97.21,100
460,Lindsay,Pleuman,lpleumancr@tripadvisor.com,Female,13.171.13.20,95
461,Randell,Pallatina,rpallatinacs@shinystat.com,Male,64.27.0.29,54
462,Pearle,Springtorpe,pspringtorpect@go.com,Female,182.66.131.57,47
463,Kean,Miller,kmillercu@mayoclinic.com,Male,19.200.208.126,84
464,Jarrett,Altree,jaltreecv@army.mil,Male,115.109.91.39,80
465,Crissie,Viveash,cviveashcw@bigcartel.com,Female,85.21.217.57,51
466,Nevins,Offill,noffillcx@google.cn,Male,139.159.118.124,20
467,Lorilyn,Wadeson,lwadesoncy@disqus.com,Female,4.234.215.247,65
468,Neddie,Gaythor,ngaythorcz@loc.gov,Male,250.104.72.247,77
469,Charissa,Dobson,cdobsond0@twitpic.com,Female,135.70.230.170,62
470,Bevan,Zwicker,bzwickerd1@hostgator.com,Male,204.4.68.36,1
471,Diahann,D'Cruze,ddcruzed2@uiuc.edu,Female,153.38.54.124,26
472,Shari,Bunting,sbuntingd3@theatlantic.com,Female,94.82.169.253,21
473,Skelly,Martyntsev,smartyntsevd4@cisco.com,Male,80.222.230.23,14
474,Pete,Phillippo,pphillippod5@nbcnews.com,Male,57.86.113.25,69
475,Templeton,Sims,tsimsd6@arizona.edu,Male,34.190.210.101,56
476,Roley,Luety,rluetyd7@newsvine.com,Male,195.220.32.216,4
477,Georgy,McQuilty,gmcquiltyd8@oaic.gov.au,Male,183.82.84.151,58
478,Brennen,Dagnan,bdagnand9@godaddy.com,Male,131.195.229.39,85
479,Kaja,Steel,ksteelda@google.pl,Female,217.7.86.142,91
480,Reine,Raveau,rraveaudb@google.it,Female,250.174.209.215,75
481,Orson,Andrzejak,oandrzejakdc@ycombinator.com,Male,3.93.82.43,38
482,Kristofer,Gremane,kgremanedd@whitehouse.gov,Male,88.90.94.163,64
483,Danita,Habbin,dhabbinde@nhs.uk,Female,94.133.226.74,92
484,Jobi,Sherwell,jsherwelldf@1und1.de,Genderqueer,98.113.175.143,92
485,Lawrence,Beastall,lbeastalldg@ed.gov,Male,136.13.220.101,97
486,Ricca,Avrahm,ravrahmdh@godaddy.com,Female,26.192.150.149,6
487,Tris,Rathmell,trathmelldi@dot.gov,Male,22.69.44.90,26
488,Willis,John,wjohndj@jigsy.com,Male,161.30.234.150,6
489,Corliss,Catto,ccattodk@gov.uk,Female,77.148.109.100,18
490,Madelon,Le Strange,mlestrangedl@netscape.com,Female,210.227.240.68,63
491,Cos,Lillford,clillforddm@vk.com,Male,232.189.248.49,70
492,Jaquenette,Joburn,jjoburndn@marketwatch.com,Female,98.236.96.100,99
493,Guss,Causon,gcausondo@phpbb.com,Male,163.247.65.139,90
494,Bertrando,Timby,btimbydp@xing.com,Male,254.73.42.112,63
495,Clywd,Bovey,cboveydq@angelfire.com,Male,171.0.62.178,64
496,Galvin,Odda,goddadr@census.gov,Male,159.213.47.203,4
497,Karie,Espasa,kespasads@ameblo.jp,Female,187.233.58.240,42
498,Darryl,Sans,dsansdt@cbc.ca,Male,13.75.91.73,65
499,Arnie,Lamberts,alambertsdu@infoseek.co.jp,Male,113.64.81.161,49
500,Carmella,Ackroyd,cackroyddv@odnoklassniki.ru,Female,162.243.196.91,18
501,Boony,Bycraft,bbycraftdw@sourceforge.net,Male,189.98.24.178,4
502,May,Leece,mleecedx@quantcast.com,Female,163.30.239.43,89
503,Jordanna,Landsbury,jlandsburydy@newyorker.com,Female,246.225.224.188,20
504,Moreen,Drissell,mdrisselldz@si.edu,Female,18.234.76.191,79
505,Idette,Jewks,ijewkse0@irs.gov,Female,236.223.108.121,93
506,Kurtis,Cardinale,kcardinalee1@technorati.com,Male,121.167.67.99,99
507,Artemis,Coll,acolle2@chronoengine.com,Non-binary,139.183.46.111,13
508,Evvy,Laxon,elaxone3@angelfire.com,Female,226.131.83.51,52
509,Dix,Downing,ddowninge4@noaa.gov,Female,80.111.37.56,40
510,Danya,Imlaw,dimlawe5@phpbb.com,Male,62.120.163.167,80
511,Wilone,Furminger,wfurmingere6@yellowbook.com,Female,101.143.29.197,22
512,Rayner,Phant,rphante7@xing.com,Male,76.187.108.70,66
513,Estrellita,Horsewood,ehorsewoode8@mit.edu,Female,210.181.221.9,11
514,Garrek,Beatty,gbeattye9@free.fr,Male,61.254.207.10,67
515,Bastien,Subhan,bsubhanea@drupal.org,Male,87.151.248.17,12
516,Berry,Ramas,bramaseb@woothemes.com,Non-binary,227.236.45.153,66
517,Shannon,Burkitt,sburkittec@godaddy.com,Female,184.83.50.96,50
518,Reinwald,Riseam,rriseamed@buzzfeed.com,Male,72.239.184.186,53
519,Corena,Bradfield,cbradfieldee@guardian.co.uk,Female,202.157.113.124,41
520,Gerik,Cords,gcordsef@ox.ac.uk,Male,208.79.147.7,85
521,Eve,Martonfi,emartonfieg@quantcast.com,Female,44.41.218.73,5
522,Welby,Vasyunichev,wvasyunicheveh@fda.gov,Male,144.182.28.104,68
523,Jami,O'Lennane,jolennaneei@who.int,Female,5.235.7.5,22
524,Cindee,Dolle,cdolleej@businessinsider.com,Polygender,65.181.241.19,95
525,Angelo,Boone,abooneek@about.com,Male,163.47.113.161,93
526,Tracie,Iliff,tiliffel@about.com,Bigender,5.171.5.38,86
527,Laurie,Duckels,lduckelsem@multiply.com,Female,126.209.45.213,54
528,Ernaline,Clingoe,eclingoeen@eepurl.com,Polygender,54.202.248.65,96
529,Koralle,Paish,kpaisheo@weather.com,Female,119.121.194.71,40
530,Locke,Rosenkrantz,lrosenkrantzep@ihg.com,Male,61.217.23.22,41
531,Caria,Klima,cklimaeq@goodreads.com,Female,169.118.224.187,8
532,Derrik,Cathrall,dcathraller@cmu.edu,Male,212.147.176.171,79
533,Danie,Minihane,dminihanees@prlog.org,Male,120.5.31.32,49
534,Hyacinthie,Warmington,hwarmingtonet@taobao.com,Female,196.214.94.9,82
535,Pam,Ashment,pashmenteu@printfriendly.com,Female,35.160.20.244,23
536,Kordula,Iashvili,kiashviliev@eventbrite.com,Female,219.231.217.99,2
537,Ingamar,Sawter,isawterew@e-recht24.de,Male,56.10.7.44,16
538,Karrah,Cotte,kcotteex@cafepress.com,Female,81.16.110.134,77
539,Rusty,Staves,rstavesey@vinaora.com,Male,215.129.4.148,39
540,Gearard,Dugue,gdugueez@ed.gov,Male,235.226.6.33,89
541,Clem,Parman,cparmanf0@goo.ne.jp,Male,51.145.130.23,83
542,Gard,Gier,ggierf1@npr.org,Male,187.121.122.47,77
543,Wileen,Easen,weasenf2@myspace.com,Female,251.221.14.110,29
544,Alphonso,Lightoller,alightollerf3@pcworld.com,Male,160.168.184.42,55
545,Debbi,Patemore,dpatemoref4@samsung.com,Female,67.76.106.104,22
546,Sutherland,Baulcombe,sbaulcombef5@home.pl,Genderfluid,207.236.36.86,11
547,Constantina,Dabney,cdabneyf6@netlog.com,Female,220.36.57.236,31
548,Yank,Truse,ytrusef7@weibo.com,Male,137.161.19.132,13
549,Sheff,Froggatt,sfroggattf8@google.pl,Male,215.224.177.122,99
550,Urbain,Manntschke,umanntschkef9@tmall.com,Male,223.147.157.173,35
551,Saba,Silkstone,ssilkstonefa@comcast.net,Female,132.88.84.245,10
552,Stella,Tortis,stortisfb@engadget.com,Female,140.55.176.95,91
553,Lloyd,Staddart,lstaddartfc@webs.com,Male,241.239.223.183,44
554,Ross,O'Brogan,robroganfd@skype.com,Male,150.192.197.228,35
555,Giacomo,Tetford,gtetfordfe@flickr.com,Genderqueer,104.86.20.96,26
556,Elisabeth,Milam,emilamff@squarespace.com,Female,6.111.245.76,15
557,Griswold,Ottiwill,gottiwillfg@chron.com,Male,163.89.0.43,93
558,Ramonda,Plott,rplottfh@sohu.com,Female,81.244.199.27,34
559,Jerome,Kelbie,jkelbiefi@elegantthemes.com,Male,147.135.95.48,7
560,Rosa,Splain,rsplainfj@mozilla.org,Female,195.59.185.211,56
561,Florette,Zaniolo,fzaniolofk@a8.net,Female,15.197.106.146,61
562,Husein,Nickerson,hnickersonfl@opera.com,Male,37.246.222.92,36
563,Griselda,Priver,gpriverfm@pcworld.com,Female,45.157.127.18,11
564,Missy,Hoffman,mhoffmanfn@nationalgeographic.com,Female,169.36.209.36,45
565,Adriane,Preto,apretofo@economist.com,Female,96.64.175.214,28
566,Sauncho,Zorzutti,szorzuttifp@blogger.com,Agender,207.250.31.156,83
567,Anna-diane,Sauvain,asauvainfq@google.fr,Female,163.154.152.14,48
568,Kenn,Dryburgh,kdryburghfr@topsy.com,Male,172.237.203.74,21
569,Hammad,Tapper,htapperfs@cbsnews.com,Genderfluid,123.178.8.20,43
570,Osbert,Ingliss,oinglissft@scribd.com,Male,63.105.91.188,33
571,Annmarie,Lewisham,alewishamfu@unblog.fr,Female,174.68.252.91,93
572,Estel,Soigoux,esoigouxfv@nasa.gov,Female,239.39.81.179,8
573,Hort,Geipel,hgeipelfw@com.com,Non-binary,231.253.53.110,56
574,Cornelia,Pettecrew,cpettecrewfx@diigo.com,Female,80.14.42.226,74
575,Cherin,Letchford,cletchfordfy@squidoo.com,Female,97.237.203.38,8
576,Berkie,Jurgenson,bjurgensonfz@bizjournals.com,Male,201.96.3.179,85
577,Trey,Basset,tbassetg0@gmpg.org,Male,58.234.89.225,90
578,Roch,Keddy,rkeddyg1@w3.org,Female,25.1.20.126,79
579,Valene,Goodlatt,vgoodlattg2@loc.gov,Female,36.198.76.60,50
580,Sherman,Humpatch,shumpatchg3@sitemeter.com,Male,183.98.0.234,33
581,Tony,Kleehuhler,tkleehuhlerg4@epa.gov,Male,32.12.3.177,9
582,Jacquette,Scholes,jscholesg5@usnews.com,Bigender,79.55.249.166,7
583,Fifi,McQuaid,fmcquaidg6@ibm.com,Female,158.193.20.87,70
584,Nico,Oliveto,nolivetog7@4shared.com,Male,113.32.42.116,53
585,Lucia,Sacker,lsackerg8@washingtonpost.com,Female,224.85.120.164,81
586,Aleda,Dobey,adobeyg9@imageshack.us,Female,5.216.254.171,4
587,Rania,Syred,rsyredga@moonfruit.com,Female,74.42.159.70,36
588,Mikkel,Skillman,mskillmangb@wired.com,Male,210.47.25.77,15
589,Nehemiah,Margaret,nmargaretgc@stanford.edu,Male,39.72.152.51,11
590,Margery,Boam,mboamgd@kickstarter.com,Female,121.155.114.118,52
591,Ofelia,Voice,ovoicege@blinklist.com,Female,246.72.6.57,77
592,Clerc,Mussington,cmussingtongf@epa.gov,Male,217.161.180.9,89
593,Lancelot,Mellanby,lmellanbygg@unblog.fr,Male,148.73.23.111,56
594,Adlai,Pedreschi,apedreschigh@amazonaws.com,Male,184.143.26.45,55
595,Gareth,Lawey,glaweygi@people.com.cn,Male,111.149.142.216,8
596,Suzanne,Jina,sjinagj@boston.com,Female,140.21.182.14,28
597,Ame,Mattock,amattockgk@springer.com,Female,64.216.216.237,57
598,Arie,Muge,amugegl@mozilla.org,Bigender,32.15.44.101,18
599,Laurene,Perle,lperlegm@imgur.com,Female,145.78.58.253,64
600,Jard,Waleran,jwalerangn@biglobe.ne.jp,Non-binary,80.9.20.171,1
601,Benjamen,Kindleside,bkindlesidego@so-net.ne.jp,Male,181.217.34.184,90
602,Hughie,Fluck,hfluckgp@nasa.gov,Male,111.183.243.52,58
603,Elden,Milazzo,emilazzogq@joomla.org,Male,34.7.47.231,10
604,Raffaello,Maciak,rmaciakgr@netvibes.com,Male,161.172.55.21,68
605,Lizzie,Brewer,lbrewergs@businesswire.com,Female,2.134.103.215,19
606,Wells,Danaher,wdanahergt@kickstarter.com,Male,208.49.87.54,47
607,Ware,Ridulfo,wridulfogu@nih.gov,Male,89.7.220.214,55
608,Petronia,Pybus,ppybusgv@oakley.com,Female,206.95.155.105,61
609,Jose,Masdin,jmasdingw@dyndns.org,Male,17.222.196.62,57
610,Gustavus,Gatheridge,ggatheridgegx@blogtalkradio.com,Male,170.36.53.126,19
611,Alyda,Mintrim,amintrimgy@youtube.com,Female,126.214.112.144,76
612,Romona,Churchouse,rchurchousegz@discovery.com,Non-binary,238.167.150.213,39
613,Bert,Poetz,bpoetzh0@tamu.edu,Male,56.213.189.11,9
614,Sandie,Dunaway,sdunawayh1@tumblr.com,Female,211.194.46.185,11
615,Xenia,Rollin,xrollinh2@ox.ac.uk,Female,172.145.122.53,47
616,Zonnya,Huckabe,zhuckabeh3@loc.gov,Female,63.181.218.143,76
617,Cord,Willeson,cwillesonh4@ucoz.ru,Male,87.53.108.65,69
618,Melinda,Moukes,mmoukesh5@icq.com,Female,164.122.140.212,59
619,Kakalina,Bagger,kbaggerh6@facebook.com,Female,15.151.189.47,75
620,Bill,Ambrose,bambroseh7@pagesperso-orange.fr,Male,9.94.59.9,18
621,Ed,Rendbaek,erendbaekh8@engadget.com,Male,156.152.137.149,1
622,Neale,Mc Caughan,nmccaughanh9@yandex.ru,Male,187.11.191.214,93
623,Cindee,Dominguez,cdominguezha@google.de,Female,223.114.90.71,97
624,Gardner,Denholm,gdenholmhb@printfriendly.com,Male,72.176.168.104,57
625,Natty,Dungey,ndungeyhc@mayoclinic.com,Female,158.166.215.147,27
626,Terence,Scanlan,tscanlanhd@icio.us,Male,156.90.205.62,80
627,Moll,Eley,meleyhe@1688.com,Female,232.21.19.63,56
628,Shauna,Giorgietto,sgiorgiettohf@feedburner.com,Bigender,199.104.89.140,63
629,Cicely,Hearnah,chearnahhg@slideshare.net,Female,208.101.196.243,71
630,Franciska,Brislen,fbrislenhh@quantcast.com,Female,29.167.57.39,48
631,Ingar,Yaldren,iyaldrenhi@wunderground.com,Male,248.96.89.95,6
632,Hester,Oxborough,hoxboroughhj@boston.com,Female,121.225.37.21,11
633,Verene,Thomkins,vthomkinshk@guardian.co.uk,Female,111.164.25.191,31
634,Zorine,McCord,zmccordhl@bandcamp.com,Non-binary,126.239.103.7,70
635,Tully,Blose,tblosehm@reverbnation.com,Male,28.173.31.71,93
636,Vaclav,Sturte,vsturtehn@cocolog-nifty.com,Male,30.194.42.145,19
637,Val,Guerro,vguerroho@example.com,Bigender,126.166.186.60,1
638,Robinson,Hrachovec,rhrachovechp@delicious.com,Male,12.255.14.16,77
639,Ertha,Farryan,efarryanhq@1688.com,Female,113.31.219.249,32
640,Lindsey,Stratz,lstratzhr@go.com,Male,118.217.109.6,98
641,Yehudi,Dayce,ydaycehs@sourceforge.net,Male,57.16.131.211,44
642,Marj,Stuffins,mstuffinsht@about.me,Non-binary,58.210.181.229,5
643,Fred,Bloyes,fbloyeshu@theatlantic.com,Male,203.132.90.80,20
644,Mimi,Gilcrist,mgilcristhv@mit.edu,Female,12.135.68.0,94
645,Ivonne,Athowe,iathowehw@ocn.ne.jp,Female,203.230.152.158,4
646,Douglas,Ruddlesden,druddlesdenhx@photobucket.com,Male,35.191.183.123,50
647,Jay,Endrici,jendricihy@deliciousdays.com,Male,61.6.151.68,14
648,Nevsa,Jenno,njennohz@google.co.jp,Non-binary,128.182.176.152,36
649,Paco,Laborde,plabordei0@nationalgeographic.com,Male,107.233.182.119,81
650,Hayyim,Stanworth,hstanworthi1@census.gov,Male,194.233.46.184,90
651,Todd,Empringham,tempringhami2@themeforest.net,Male,119.125.91.1,42
652,Tiertza,Langan,tlangani3@berkeley.edu,Female,81.71.9.64,80
653,Maurizia,Van den Bosch,mvandenboschi4@cloudflare.com,Female,246.103.61.233,20
654,Gregoire,Cutbush,gcutbushi5@loc.gov,Male,27.98.1.175,92
655,Lance,Gurnett,lgurnetti6@list-manage.com,Male,236.165.238.146,66
656,Jennifer,Shafto,jshaftoi7@meetup.com,Female,180.49.133.252,26
657,Gaven,Whitham,gwhithami8@phpbb.com,Male,161.250.105.62,52
658,Sergeant,Jorez,sjorezi9@wordpress.org,Male,153.131.36.55,35
659,Corinna,Mulvin,cmulvinia@yelp.com,Female,98.210.204.14,89
660,Yale,Glasser,yglasserib@liveinternet.ru,Male,76.190.193.115,71
661,Luis,Gustus,lgustusic@goodreads.com,Male,31.165.206.130,2
662,Peyter,Trattles,ptrattlesid@blogs.com,Male,70.196.20.72,86
663,Lenka,Cottu,lcottuie@reference.com,Female,115.144.174.38,52
664,Dyna,Gorelli,dgorelliif@go.com,Female,215.243.116.20,4
665,Marjory,Kerss,mkerssig@imageshack.us,Female,213.138.43.206,98
666,Ramsey,Gronw,rgronwih@godaddy.com,Male,69.179.180.150,55
667,Kitty,Haburne,khaburneii@spiegel.de,Female,241.107.254.67,85
668,Joyan,MacAnelley,jmacanelleyij@prlog.org,Agender,65.23.179.183,49
669,Petronilla,Ashfull,pashfullik@nbcnews.com,Female,73.146.117.162,30
670,Reed,Crayke,rcraykeil@histats.com,Male,160.208.78.156,85
671,Viola,Altamirano,valtamiranoim@nbcnews.com,Female,30.155.48.38,6
672,Adrien,Ablewhite,aablewhitein@techcrunch.com,Male,0.23.111.193,4
673,Cyndy,Roughey,crougheyio@loc.gov,Female,129.201.40.52,45
674,Marc,Wheelton,mwheeltonip@ox.ac.uk,Non-binary,118.75.146.158,62
675,Edmon,Mirralls,emirrallsiq@jugem.jp,Male,103.4.223.162,74
676,Sonny,Pinchbeck,spinchbeckir@xing.com,Female,21.192.229.139,91
677,Morse,Sewards,msewardsis@ebay.com,Male,69.206.20.158,77
678,Raquela,Yele,ryeleit@cisco.com,Female,80.200.186.224,97
679,Constantine,Vernay,cvernayiu@amazon.co.jp,Female,1.210.215.50,34
680,Ebonee,Cawsey,ecawseyiv@pinterest.com,Female,146.107.73.33,80
681,Alanson,Argente,aargenteiw@wufoo.com,Male,163.194.126.80,66
682,Harald,Gatehouse,hgatehouseix@ucsd.edu,Male,0.114.236.115,31
683,Mabel,Colson,mcolsoniy@163.com,Female,174.41.61.103,92
684,Normy,Woodwind,nwoodwindiz@ycombinator.com,Male,85.35.169.102,44
685,Dwight,Cabane,dcabanej0@networkadvertising.org,Male,105.50.1.72,35
686,Donnell,Standish,dstandishj1@hexun.com,Genderqueer,36.177.104.13,41
687,Simone,Ridulfo,sridulfoj2@mashable.com,Female,119.208.5.102,26
688,Cathe,Gillum,cgillumj3@blogger.com,Genderfluid,199.69.26.85,81
689,Babbie,La Rosa,blarosaj4@fastcompany.com,Bigender,39.25.33.134,52
690,Osbert,Flook,oflookj5@google.it,Male,200.239.77.10,99
691,Manda,Crichmere,mcrichmerej6@hexun.com,Female,213.211.253.204,16
692,Mahmoud,Hullin,mhullinj7@mozilla.org,Male,106.114.64.96,54
693,Timmi,McCaskill,tmccaskillj8@skyrock.com,Female,253.145.190.207,14
694,Cele,Ruger,crugerj9@uol.com.br,Female,51.243.132.57,81
695,Allene,Salling,asallingja@google.fr,Female,106.245.32.171,16
696,Elyn,Perigeaux,eperigeauxjb@state.tx.us,Female,133.140.148.252,38
697,Cletis,Serrier,cserrierjc@qq.com,Male,159.232.59.238,42
698,Ofella,Hall-Gough,ohallgoughjd@delicious.com,Female,174.81.20.206,97
699,Marcellus,Elsie,melsieje@yahoo.com,Genderqueer,208.156.160.141,78
700,Gypsy,Spratley,gspratleyjf@moonfruit.com,Female,15.60.12.100,3
701,Anastasie,Yurocjhin,ayurocjhinjg@indiatimes.com,Agender,164.184.160.127,20
702,Tadd,Dytham,tdythamjh@wordpress.org,Male,3.76.70.11,39
703,Ree,Petre,rpetreji@earthlink.net,Female,96.72.151.69,5
704,Brenden,Teligin,bteliginjj@qq.com,Polygender,227.12.31.62,60
705,Raimund,Peterken,rpeterkenjk@jalbum.net,Male,6.128.3.14,40
706,Michel,Crunkhurn,mcrunkhurnjl@phpbb.com,Genderfluid,111.141.115.234,55
707,Lainey,Moorton,lmoortonjm@woothemes.com,Female,173.38.167.219,77
708,Massimo,Sircomb,msircombjn@meetup.com,Male,199.3.8.56,91
709,Jeff,Shovel,jshoveljo@dropbox.com,Non-binary,178.100.38.135,32
710,Marve,Richardes,mrichardesjp@is.gd,Male,79.97.127.192,74
711,Matilde,Bothie,mbothiejq@w3.org,Genderqueer,89.46.177.78,46
712,Vito,Delacroux,vdelacrouxjr@disqus.com,Male,206.163.174.228,93
713,Oliy,Leivesley,oleivesleyjs@merriam-webster.com,Female,124.110.214.88,69
714,Isidora,Feathers,ifeathersjt@bbb.org,Female,237.47.251.228,66
715,Keir,McGiffie,kmcgiffieju@stumbleupon.com,Male,72.255.84.16,1
716,Viviene,Ditzel,vditzeljv@rediff.com,Polygender,239.85.121.36,21
717,Doralin,Hammett,dhammettjw@live.com,Female,192.189.220.103,89
718,Berkie,Prate,bpratejx@usatoday.com,Male,240.216.165.156,69
719,Joell,Gerson,jgersonjy@google.co.jp,Female,235.123.248.252,80
720,Abie,Duddan,aduddanjz@rediff.com,Male,13.228.217.23,3
721,Ezmeralda,Bugdale,ebugdalek0@spiegel.de,Female,172.13.137.179,41
722,Stanislas,Delle,sdellek1@51.la,Male,47.167.178.26,89
723,Felisha,Hoult,fhoultk2@360.cn,Female,249.85.70.179,81
724,Sanders,Olyff,solyffk3@cargocollective.com,Male,144.14.42.66,48
725,Dorelle,Drogan,ddrogank4@buzzfeed.com,Female,73.176.113.41,99
726,Misha,Bestiman,mbestimank5@ustream.tv,Female,39.210.53.176,39
727,Janean,Aphale,japhalek6@freewebs.com,Female,40.179.64.85,92
728,Giffy,Crowdace,gcrowdacek7@noaa.gov,Genderfluid,220.20.127.61,71
729,Benedikt,Scarborough,bscarboroughk8@statcounter.com,Male,40.225.111.24,21
730,Zulema,Unwin,zunwink9@gmpg.org,Female,138.250.104.219,46
731,Jilleen,Jewel,jjewelka@un.org,Female,145.197.168.143,94
732,Tootsie,Wissbey,twissbeykb@4shared.com,Female,253.211.123.201,69
733,Cass,Goodacre,cgoodacrekc@hostgator.com,Male,85.120.153.74,70
734,Egbert,Murison,emurisonkd@vkontakte.ru,Male,74.121.117.60,92
735,Lisle,Worlock,lworlockke@about.me,Male,99.22.207.84,69
736,Urbanus,Kornyakov,ukornyakovkf@ehow.com,Male,93.151.253.162,19
737,Lurette,Link,llinkkg@theguardian.com,Female,126.80.124.229,84
738,Giffie,O'Codihie,gocodihiekh@google.co.jp,Male,142.223.173.186,23
739,Alphonso,Dunridge,adunridgeki@spotify.com,Male,152.31.244.167,73
740,Coletta,Kindell,ckindellkj@friendfeed.com,Agender,124.174.39.192,4
741,Trixi,Kilsby,tkilsbykk@yolasite.com,Female,197.132.142.125,24
742,Gannon,Brydie,gbrydiekl@sciencedirect.com,Male,128.20.58.122,8
743,Gwenneth,Nevill,gnevillkm@npr.org,Female,245.187.206.102,78
744,Rosette,Belhome,rbelhomekn@digg.com,Female,225.190.251.201,58
745,Salomon,Gagg,sgaggko@ft.com,Male,108.57.39.39,14
746,Martha,Malatalant,mmalatalantkp@wikipedia.org,Bigender,91.239.227.112,31
747,Madelene,Dearle,mdearlekq@imageshack.us,Female,68.11.92.154,95
748,Karita,Bruton,kbrutonkr@yale.edu,Female,134.93.138.203,19
749,Adelbert,Gilfoy,agilfoyks@rediff.com,Male,88.154.152.145,92
750,Kirsti,Eldrett,keldrettkt@behance.net,Female,49.1.68.201,8
751,Gratia,Giraudo,ggiraudoku@illinois.edu,Female,55.205.19.208,29
752,Alexine,Van Halen,avanhalenkv@webs.com,Female,88.216.126.82,79
753,Rolland,Nutton,rnuttonkw@businessinsider.com,Male,127.124.171.225,52
754,Diarmid,Buckel,dbuckelkx@homestead.com,Male,41.167.166.46,100
755,Eada,Drynan,edrynanky@salon.com,Female,75.129.215.73,73
756,Patrica,Brokenshire,pbrokenshirekz@amazonaws.com,Female,10.203.233.207,94
757,Murray,Lissimore,mlissimorel0@biglobe.ne.jp,Male,177.151.111.153,57
758,Jeff,Twinbourne,jtwinbournel1@dmoz.org,Male,171.106.24.234,19
759,Rhiamon,Krolman,rkrolmanl2@ihg.com,Female,203.34.237.40,77
760,Ciel,Obal,coball3@chronoengine.com,Female,255.82.243.28,47
761,Errick,Klossmann,eklossmannl4@list-manage.com,Male,72.176.136.249,85
762,Darcee,Agass,dagassl5@instagram.com,Female,187.168.64.121,27
763,Dasi,Treadgall,dtreadgalll6@linkedin.com,Female,1.185.173.213,1
764,Nariko,Tweddell,ntweddelll7@51.la,Female,126.242.228.138,66
765,Bat,Busson,bbussonl8@freewebs.com,Male,64.222.20.249,38
766,Dorolice,Peirazzi,dpeirazzil9@weibo.com,Female,129.118.73.98,97
767,Merrily,Eglese,meglesela@360.cn,Female,251.123.158.103,93
768,Anthea,Ellick,aellicklb@upenn.edu,Female,250.142.146.103,93
769,Northrup,Worden,nwordenlc@alexa.com,Male,67.147.211.27,61
770,Thaddus,Arundell,tarundellld@sitemeter.com,Male,106.22.42.185,19
771,Neil,Drinkeld,ndrinkeldle@slate.com,Genderfluid,218.8.23.85,16
772,Gallard,Bransom,gbransomlf@netscape.com,Male,31.208.167.232,24
773,Vivianne,Carme,vcarmelg@nytimes.com,Female,239.40.83.45,38
774,Giffy,Maleby,gmalebylh@theguardian.com,Male,106.248.50.137,55
775,Mary,Blaxeland,mblaxelandli@angelfire.com,Female,116.32.66.87,84
776,Sharon,Godball,sgodballlj@nytimes.com,Female,75.71.10.164,27
777,Daisey,Marvel,dmarvellk@unesco.org,Female,178.145.8.112,28
778,Pepito,Youthead,pyoutheadll@wikipedia.org,Male,176.189.20.240,76
779,Douglass,Hawford,dhawfordlm@ocn.ne.jp,Male,83.255.243.101,52
780,Jeramie,Oldmeadow,joldmeadowln@biglobe.ne.jp,Male,123.106.45.220,100
781,Iain,Tincey,itinceylo@behance.net,Male,112.71.174.252,92
782,Rosella,Loffill,rloffilllp@de.vu,Female,165.181.66.219,79
783,Orton,Piken,opikenlq@is.gd,Male,62.10.32.153,4
784,Maryanne,Benbow,mbenbowlr@marketwatch.com,Agender,156.121.14.172,77
785,Zed,Fri,zfrils@posterous.com,Polygender,223.86.202.149,13
786,Roselle,Blainey,rblaineylt@list-manage.com,Female,234.43.6.233,94
787,Giorgio,Niemiec,gniemieclu@cam.ac.uk,Male,15.75.145.39,84
788,Dell,Huitson,dhuitsonlv@dedecms.com,Female,49.243.195.91,87
789,Geralda,Sutherns,gsuthernslw@seesaa.net,Female,232.11.74.111,20
790,Leland,Hampton,lhamptonlx@yahoo.com,Female,154.83.44.190,83
791,Agatha,Spiers,aspiersly@ft.com,Agender,53.112.167.89,53
792,Madelyn,Cuolahan,mcuolahanlz@networksolutions.com,Female,222.14.96.44,56
793,Leonanie,Josovich,ljosovichm0@google.com.hk,Genderqueer,247.17.18.87,7
794,Keefer,Rosenbarg,krosenbargm1@ow.ly,Male,155.149.244.14,63
795,Levy,Devereux,ldevereuxm2@wikispaces.com,Male,246.38.192.54,92
796,Blaire,Cheshire,bcheshirem3@ow.ly,Female,224.80.113.30,100
797,Nicky,Burchmore,nburchmorem4@xing.com,Female,15.120.201.177,51
798,Cyrus,Regenhardt,cregenhardtm5@skyrock.com,Male,153.240.127.65,78
799,Josey,Doolan,jdoolanm6@nhs.uk,Female,107.68.161.118,96
800,Bevvy,Toomer,btoomerm7@marriott.com,Female,61.137.47.47,55
801,Lamar,Costigan,lcostiganm8@fema.gov,Male,35.113.66.59,46
802,Rozanne,Caesman,rcaesmanm9@tumblr.com,Female,229.143.108.37,70
803,Graehme,Gourdon,ggourdonma@google.cn,Male,50.162.81.10,26
804,Marabel,Manklow,mmanklowmb@accuweather.com,Female,100.234.55.202,21
805,Vyky,Arnaldy,varnaldymc@gov.uk,Female,164.14.48.213,66
806,Lorain,Ghelerdini,lghelerdinimd@canalblog.com,Female,119.90.131.202,48
807,Jeanelle,Birtley,jbirtleyme@drupal.org,Female,178.176.22.182,62
808,Evey,Iddy,eiddymf@sakura.ne.jp,Female,40.99.170.152,50
809,Roselin,Clayal,rclayalmg@histats.com,Female,53.84.43.47,76
810,Nelly,Cotesford,ncotesfordmh@forbes.com,Female,227.146.177.145,93
811,Glori,Lamb-shine,glambshinemi@issuu.com,Female,131.118.165.252,89
812,Ruddie,Gartenfeld,rgartenfeldmj@phoca.cz,Non-binary,161.11.226.195,9
813,Kayley,Leadbetter,kleadbettermk@yandex.ru,Female,213.223.121.148,82
814,Matteo,Dytham,mdythamml@angelfire.com,Male,21.168.191.117,67
815,Vern,Sivill,vsivillmm@reference.com,Male,169.20.58.229,34
816,Evin,Glennie,eglenniemn@ucoz.com,Male,218.106.203.52,79
817,Juan,Besson,jbessonmo@abc.net.au,Male,48.223.65.60,82
818,Aretha,Finnimore,afinnimoremp@acquirethisname.com,Female,125.236.207.219,96
819,Isaac,Jowle,ijowlemq@google.de,Male,222.113.54.223,41
820,Abey,Blinckhorne,ablinckhornemr@hostgator.com,Male,172.73.108.133,81
821,Levon,Yakovich,lyakovichms@etsy.com,Male,222.218.251.82,75
822,Blythe,McWhirter,bmcwhirtermt@360.cn,Female,166.217.160.7,89
823,Ryon,Riseley,rriseleymu@51.la,Male,64.234.74.230,9
824,Claudette,Ferney,cferneymv@uol.com.br,Female,110.137.55.7,10
825,Tracee,Hopkins,thopkinsmw@yandex.ru,Female,180.154.92.89,72
826,Latashia,Louthe,llouthemx@ning.com,Female,140.83.95.21,55
827,Thebault,Tutill,ttutillmy@myspace.com,Male,99.2.102.243,28
828,Mart,Alishoner,malishonermz@berkeley.edu,Bigender,135.128.21.202,33
829,Berk,Balthasar,bbalthasarn0@tmall.com,Male,92.88.241.78,66
830,Cecile,Adiscot,cadiscotn1@eventbrite.com,Female,21.4.251.250,7
831,Bartholemy,Blanque,bblanquen2@miitbeian.gov.cn,Male,212.229.220.224,84
832,Colas,Ironside,cironsiden3@ft.com,Genderqueer,223.111.58.97,41
833,Sallyann,McSwan,smcswann4@homestead.com,Female,55.18.20.213,44
834,Bessie,Croizier,bcroiziern5@buzzfeed.com,Female,220.228.0.54,77
835,Barbabas,Cejka,bcejkan6@usatoday.com,Male,82.105.156.52,56
836,Saba,Minocchi,sminocchin7@surveymonkey.com,Female,33.11.219.71,85
837,Gusella,Hovell,ghovelln8@census.gov,Female,146.140.206.24,86
838,Vania,Nettles,vnettlesn9@google.fr,Female,87.235.5.199,25
839,Rhonda,Incogna,rincognana@networksolutions.com,Female,224.227.15.136,93
840,Kellie,Ellaway,kellawaynb@meetup.com,Female,58.75.96.6,100
841,Arturo,Adolf,aadolfnc@youtu.be,Male,19.26.11.197,57
842,Happy,Konig,hkonignd@tripod.com,Female,114.56.177.102,98
843,Terza,Sentance,tsentancene@chronoengine.com,Female,128.15.87.216,74
844,Gradeigh,Poltone,gpoltonenf@cargocollective.com,Male,114.35.3.68,29
845,Joshia,Damant,jdamantng@dagondesign.com,Male,18.149.216.168,4
846,Benni,Keeling,bkeelingnh@ebay.co.uk,Female,74.187.207.39,98
847,Rozalin,Klishin,rklishinni@foxnews.com,Female,11.161.28.25,12
848,Tamra,Tomovic,ttomovicnj@latimes.com,Female,90.198.137.16,45
849,Hally,Emeline,hemelinenk@shareasale.com,Female,122.102.3.136,63
850,Jermayne,M'Quharg,jmquhargnl@freewebs.com,Genderfluid,132.188.232.20,89
851,Tam,Jencey,tjenceynm@hibu.com,Male,247.113.73.247,17
852,Tam,Tarzey,ttarzeynn@fotki.com,Male,197.39.142.176,79
853,Eliot,Sayer,esayerno@nymag.com,Male,64.138.220.169,49
854,Archaimbaud,Krolik,akroliknp@slashdot.org,Male,42.138.242.27,8
855,Link,McMillian,lmcmilliannq@accuweather.com,Male,180.22.178.97,35
856,Kit,McGrorty,kmcgrortynr@delicious.com,Female,242.106.23.22,87
857,Lancelot,Stentiford,lstentifordns@topsy.com,Male,81.234.104.234,13
858,Cos,Grichukhin,cgrichukhinnt@blog.com,Bigender,136.134.239.225,92
859,Coleen,Coenraets,ccoenraetsnu@usa.gov,Female,194.137.16.8,57
860,Fabien,Sandercock,fsandercocknv@columbia.edu,Male,139.141.186.78,56
861,Virgie,Fowell,vfowellnw@simplemachines.org,Male,254.78.117.197,90
862,Noreen,Barnewelle,nbarnewellenx@irs.gov,Female,83.75.2.50,57
863,Dusty,Emer,demerny@harvard.edu,Female,116.190.190.95,93
864,Beverie,Piscopo,bpiscoponz@ocn.ne.jp,Female,35.235.22.7,43
865,Jessamine,Osgordby,josgordbyo0@cbc.ca,Female,142.149.32.230,7
866,Tiebold,Heater,theatero1@4shared.com,Male,34.190.120.14,79
867,Kincaid,Castilla,kcastillao2@zdnet.com,Polygender,54.72.31.71,15
868,Cletus,Bircher,cbirchero3@macromedia.com,Male,23.202.208.217,33
869,Bren,Bickell,bbickello4@skype.com,Female,94.108.22.88,25
870,Margot,Meenan,mmeenano5@last.fm,Female,57.60.91.33,83
871,Violetta,Whyler,vwhylero6@irs.gov,Female,200.68.199.128,46
872,Chelsey,Croxon,ccroxono7@omniture.com,Female,24.55.215.214,15
873,Duke,MacKereth,dmackeretho8@examiner.com,Male,133.54.86.176,79
874,Elihu,Sudron,esudrono9@blogs.com,Male,123.17.236.214,43
875,Tonia,Frosch,tfroschoa@ustream.tv,Female,114.10.210.85,29
876,Genna,Frazier,gfrazierob@printfriendly.com,Female,126.116.77.145,21
877,Dora,Kier,dkieroc@ucoz.com,Female,104.195.98.78,31
878,Kaile,McKane,kmckaneod@purevolume.com,Genderqueer,158.102.171.248,9
879,Leesa,Eichmann,leichmannoe@psu.edu,Agender,80.197.233.231,75
880,Barnabas,Gobbet,bgobbetof@samsung.com,Male,151.80.245.180,17
881,Briggs,Ancliffe,bancliffeog@bravesites.com,Male,117.42.19.75,45
882,Valentine,Bamblett,vbamblettoh@weather.com,Female,61.22.99.18,97
883,Jodee,Brunel,jbruneloi@eventbrite.com,Female,143.155.203.248,9
884,Alva,Duhig,aduhigoj@mapy.cz,Male,242.127.206.205,72
885,Dannel,Evangelinos,devangelinosok@harvard.edu,Male,198.128.196.150,65
886,York,Killwick,ykillwickol@miitbeian.gov.cn,Male,211.178.74.204,52
887,Dion,MacBarron,dmacbarronom@behance.net,Agender,63.0.20.8,98
888,Rosette,Boobyer,rboobyeron@abc.net.au,Female,41.89.198.84,15
889,Jemmie,Habben,jhabbenoo@rakuten.co.jp,Female,29.172.88.106,94
890,Gwenette,Bahde,gbahdeop@1688.com,Female,50.144.144.58,53
891,Seward,Leatherborrow,sleatherborrowoq@ucoz.com,Male,210.139.218.22,72
892,Halley,Dermot,hdermotor@live.com,Female,175.124.245.31,93
893,Borden,Wittering,bwitteringos@google.fr,Male,29.117.59.27,57
894,Jammal,Dollard,jdollardot@mozilla.com,Male,124.69.32.55,95
895,Schuyler,Moine,smoineou@trellian.com,Male,186.157.202.195,89
896,Dita,Beddis,dbeddisov@scientificamerican.com,Female,69.14.138.44,21
897,Valentine,Stuehmeyer,vstuehmeyerow@360.cn,Male,45.161.231.18,46
898,Jody,Keedwell,jkeedwellox@printfriendly.com,Female,96.52.36.254,86
899,Leontine,Gatecliff,lgatecliffoy@a8.net,Female,17.233.102.224,15
900,Lamar,Petschelt,lpetscheltoz@histats.com,Male,101.116.45.151,86
901,Lyle,Wannan,lwannanp0@ezinearticles.com,Male,11.234.249.199,89
902,Biddy,Stevings,bstevingsp1@mlb.com,Female,54.177.18.182,58
903,Didi,McGeneay,dmcgeneayp2@epa.gov,Female,86.112.72.164,87
904,Martha,Sutliff,msutliffp3@hibu.com,Female,243.4.23.57,14
905,Colline,Thaxton,cthaxtonp4@nba.com,Female,86.238.182.193,37
906,Ulick,Thomel,uthomelp5@ox.ac.uk,Male,111.3.14.242,95
907,Ellen,Zarfati,ezarfatip6@a8.net,Female,103.211.130.183,31
908,Mickey,Selvester,mselvesterp7@wordpress.org,Male,109.239.158.79,81
909,Eli,Corgenvin,ecorgenvinp8@indiatimes.com,Male,91.90.143.62,36
910,Corine,Smeeth,csmeethp9@biblegateway.com,Female,42.246.156.215,80
911,Mack,Bigrigg,mbigriggpa@elegantthemes.com,Male,10.129.64.60,29
912,Osborn,Postins,opostinspb@nsw.gov.au,Male,20.29.8.200,49
913,Dru,Stubs,dstubspc@gov.uk,Male,93.115.92.255,43
914,Lorilyn,Ludmann,lludmannpd@mozilla.org,Female,252.180.50.30,87
915,Cecile,Djurkovic,cdjurkovicpe@webs.com,Female,201.203.44.105,68
916,Peggy,Wong,pwongpf@goodreads.com,Female,212.186.230.76,3
917,Claire,Enever,ceneverpg@accuweather.com,Male,63.81.239.24,24
918,Heall,Heaney`,hheaneyph@list-manage.com,Polygender,3.227.111.168,54
919,Monroe,Spracklin,mspracklinpi@yelp.com,Male,83.18.193.175,84
920,Devora,Boswell,dboswellpj@cmu.edu,Female,116.197.174.66,69
921,Alix,Knightley,aknightleypk@sourceforge.net,Male,196.141.77.58,72
922,Leonanie,Unthank,lunthankpl@constantcontact.com,Female,61.239.186.79,79
923,Ted,Swaine,tswainepm@washington.edu,Female,27.57.33.212,42
924,Patricio,Mocher,pmocherpn@cdc.gov,Male,221.42.101.44,83
925,Essa,Horning,ehorningpo@lycos.com,Female,183.164.255.217,13
926,Ellery,Ralph,eralphpp@posterous.com,Male,25.118.147.180,11
927,Siusan,Yersin,syersinpq@mozilla.org,Female,99.0.168.24,58
928,Maurise,Galey,mgaleypr@goo.gl,Female,118.244.135.224,49
929,Mattheus,Howett,mhowettps@4shared.com,Male,0.90.25.238,45
930,Nollie,Biggadyke,nbiggadykept@google.ru,Female,229.62.109.56,69
931,Car,Tebbut,ctebbutpu@prweb.com,Male,93.140.139.228,63
932,Benedict,Alves,balvespv@wikipedia.org,Male,0.148.112.45,69
933,Marianne,Jarnell,mjarnellpw@oracle.com,Female,200.144.149.121,10
934,Johanna,Barbier,jbarbierpx@youtube.com,Genderfluid,49.87.184.164,41
935,Sauveur,Tammadge,stammadgepy@telegraph.co.uk,Male,107.246.161.163,26
936,Katha,Isakov,kisakovpz@cnet.com,Female,224.237.23.123,7
937,Dario,Tite,dtiteq0@mayoclinic.com,Male,180.40.71.13,78
938,Benni,Hitschke,bhitschkeq1@gov.uk,Female,177.69.77.119,50
939,Sheppard,McLinden,smclindenq2@elegantthemes.com,Male,135.165.210.87,89
940,Corrie,Durnall,cdurnallq3@dmoz.org,Female,203.67.244.164,74
941,Danielle,Kingzeth,dkingzethq4@trellian.com,Female,17.13.146.54,3
942,Karita,Kordovani,kkordovaniq5@army.mil,Female,106.196.205.64,88
943,Ami,Cofax,acofaxq6@smh.com.au,Female,210.141.76.26,40
944,Warde,Shadwick,wshadwickq7@clickbank.net,Male,125.95.173.206,3
945,Dona,Conybear,dconybearq8@archive.org,Polygender,51.234.118.4,35
946,Ingeborg,Fance,ifanceq9@deviantart.com,Female,123.110.239.124,99
947,Nikaniki,Ramel,nramelqa@si.edu,Female,177.241.25.89,24
948,West,Gilhooley,wgilhooleyqb@flickr.com,Male,170.157.211.111,37
949,Rosalia,Lahrs,rlahrsqc@webmd.com,Female,111.191.126.213,73
950,Salomi,Deane,sdeaneqd@myspace.com,Female,185.124.16.169,77
951,Peria,Hadingham,phadinghamqe@who.int,Genderqueer,157.153.12.238,2
952,Roscoe,Griffe,rgriffeqf@sphinn.com,Male,86.121.74.198,46
953,Fabian,Hallihan,fhallihanqg@alibaba.com,Male,73.176.97.107,62
954,Barri,Langdon,blangdonqh@comcast.net,Male,79.189.233.84,12
955,Gasparo,Ferrandez,gferrandezqi@umn.edu,Non-binary,33.109.74.188,5
956,Ellissa,O'Connell,eoconnellqj@myspace.com,Female,103.126.159.168,88
957,Lemmy,Hartell,lhartellqk@vinaora.com,Male,27.148.130.172,28
958,Arvie,Hugh,ahughql@ycombinator.com,Male,160.189.161.208,21
959,Roxie,Beams,rbeamsqm@businessinsider.com,Female,122.16.215.17,66
960,Patrice,Eastmond,peastmondqn@google.it,Male,74.190.171.239,58
961,Neron,Matchell,nmatchellqo@163.com,Male,42.0.171.218,28
962,Genna,Giraudeau,ggiraudeauqp@devhub.com,Female,94.20.41.43,40
963,Quintana,Wilds,qwildsqq@jigsy.com,Female,239.4.33.154,74
964,Zandra,Plowes,zplowesqr@cocolog-nifty.com,Bigender,90.202.178.93,54
965,Skippie,Abbots,sabbotsqs@house.gov,Male,109.175.147.34,14
966,Muriel,Asquez,masquezqt@pbs.org,Female,169.121.204.36,83
967,Clara,Deyes,cdeyesqu@blogs.com,Female,191.21.4.251,57
968,Kerianne,Keysel,kkeyselqv@networkadvertising.org,Female,37.14.79.172,89
969,Jayson,Glastonbury,jglastonburyqw@scribd.com,Male,108.99.0.52,37
970,Miguel,Jahncke,mjahnckeqx@nhs.uk,Male,234.122.156.8,52
971,Arnaldo,Trattles,atrattlesqy@gravatar.com,Male,231.72.206.164,22
972,Valina,Revens,vrevensqz@engadget.com,Female,122.90.117.83,47
973,Kris,Gellan,kgellanr0@geocities.jp,Female,204.8.190.10,37
974,Spence,Parsley,sparsleyr1@barnesandnoble.com,Male,91.192.147.125,17
975,Jamie,Antyukhin,jantyukhinr2@cbsnews.com,Female,227.36.190.129,92
976,Hallie,Salvador,hsalvadorr3@archive.org,Female,199.56.113.1,29
977,Dietrich,Lalonde,dlalonder4@dyndns.org,Male,189.68.227.51,60
978,Sigvard,Clist,sclistr5@icq.com,Male,38.226.119.83,36
979,Albertine,Backshall,abackshallr6@dmoz.org,Female,195.172.15.244,84
980,Gardener,Edgecumbe,gedgecumber7@slashdot.org,Male,235.43.118.65,78
981,Dusty,Addionizio,daddionizior8@hostgator.com,Female,251.94.45.95,1
982,Wolfy,Fannon,wfannonr9@cafepress.com,Male,202.246.209.61,86
983,Brennen,Kincaid,bkincaidra@mysql.com,Male,138.19.19.17,66
984,Rita,Scrimshire,rscrimshirerb@homestead.com,Female,138.98.72.225,44
985,Jakob,Chastanet,jchastanetrc@webnode.com,Male,167.9.230.114,83
986,Wilie,Jarrette,wjarretterd@yelp.com,Female,201.35.164.167,8
987,Frasco,Bangham,fbanghamre@cnn.com,Male,87.99.158.160,38
988,Camey,McVane,cmcvanerf@eepurl.com,Male,181.155.53.16,67
989,Joannes,Lamberts,jlambertsrg@blogger.com,Non-binary,3.119.245.173,31
990,Rowland,Recke,rreckerh@wikia.com,Male,186.129.44.251,6
991,Winne,Cottem,wcottemri@webnode.com,Female,136.210.27.36,72
992,Eric,Slixby,eslixbyrj@facebook.com,Male,248.222.81.228,89
993,Padgett,Chaundy,pchaundyrk@eventbrite.com,Male,23.49.252.216,76
994,Kore,Crosher,kcrosherrl@bing.com,Polygender,16.58.87.23,64
995,Clerc,Laba,clabarm@wired.com,Male,22.172.195.105,89
996,Chantalle,Varney,cvarneyrn@github.com,Female,232.4.86.151,43
997,Aurelie,Coade,acoadero@cisco.com,Female,161.56.173.68,59
998,Isidoro,Glasspool,iglasspoolrp@networksolutions.com,Male,117.250.209.12,55
999,Evy,Hurleston,ehurlestonrq@amazon.co.uk,Female,129.35.250.230,82
1000,Kleon,Bamlett,kbamlettrr@slashdot.org,Male,169.197.166.8,88
